cell_type,BBS2,CACHD1,DEPTOR,NDRG2,PHYHD1
B cell/Plasma,0.007032348804500703,0.0,0.004219409282700422,0.007032348804500703,0.0028129395218002813
Dendritic cell,0.017568517217146872,0.0021082220660576245,0.08503162333099086,0.22698524244553758,0.007027406886858749
Fibroblast,0.08319467554076539,0.05964418277230257,0.032317931652374246,0.19173172916933318,0.11500063995904262
Keratinocyte,0.09612277867528271,0.04577275175013463,0.05115778136779752,0.3096392030156166,0.22563274098007538
Macrophage M1,0.04645476772616137,0.003667481662591687,0.1393643031784841,0.06356968215158924,0.011002444987775062
Macrophage M2,0.0440251572327044,0.0015723270440251573,0.14779874213836477,0.06289308176100629,0.012578616352201259
Neutrophil,0.08745583038869258,0.07376325088339222,0.04063604240282685,0.321113074204947,0.19434628975265017
Smooth muscle/Pericyte,0.06100742524583584,0.00963275135460566,0.008127633955448525,0.5081276339554486,0.11960666265302027
T cell,0.016778523489932886,0.0006711409395973154,0.0010067114093959733,0.028523489932885907,0.0016778523489932886
