cell_type,BBS2,CACHD1,DEPTOR,NDRG2,PHYHD1
B cell/Plasma,0.007032349,0.0,0.004219409,0.007032349,0.0028129395
Dendritic cell,0.017568517,0.002108222,0.10611384,0.50175685,0.007730148
Fibroblast,0.08863433,0.06668373,0.035389736,0.28868553,0.13291949
Keratinocyte,0.106085084,0.050619278,0.0549273,0.543888,0.27113625
Macrophage M1,0.04645477,0.0036674817,0.17114915,0.06845966,0.012224939
Macrophage M2,0.048742138,0.001572327,0.1745283,0.07861635,0.012578616
Neutrophil,0.09673145,0.082597174,0.042844523,0.5706714,0.23365724
Smooth muscle/Pericyte,0.064118,0.010034116,0.008729681,0.9109974,0.13766807
T cell,0.016778523,0.00067114097,0.0010067114,0.031543624,0.0016778524
