seed,AUC_clinical,AUC_genomic,AUC_fused,AUC_wagner,PR_AUC_clinical,PR_AUC_genomic,PR_AUC_fused,PR_AUC_wagner,Brier_clinical,Brier_genomic,Brier_fused,Brier_wagner,NRI_fused_vs_clinical,IDI_fused_vs_clinical,NRI_fused_vs_wagner,IDI_fused_vs_wagner,p_delong_fused_vs_clinical,p_delong_fused_vs_genomic,p_delong_fused_vs_wagner
42,0.732050032488629,0.6795808966861598,0.7949155295646524,0.6931448992852502,0.48152590207357365,0.3362729332458449,0.5515470587898854,0.35520037305302105,0.1417524256092772,0.15546285598238477,0.12933884768946818,0.15112073300616516,0.5614035087719298,0.06799933684939208,0.6871345029239766,0.1339875589346121,0.0,0.0,0.0
7,0.6909519168291098,0.6498538011695906,0.7718486029889539,0.7083333333333334,0.3917664339062502,0.3068421442658683,0.4601017988214642,0.3398485279138646,0.15214805378790563,0.15894241197632067,0.141823578418389,0.15174014814848139,0.5555555555555556,0.05773514160768051,0.6057504873294346,0.1010928270005409,0.0,0.0,7.904787935331115e-14
2024,0.779320987654321,0.6510721247563352,0.821150097465887,0.6767787524366471,0.533095032521245,0.3539072824330353,0.5920263526109222,0.3508632914453995,0.1319002560773263,0.15686546440431498,0.12305589861329451,0.15203109501854617,0.49463937621832355,0.07320640255674365,0.7309941520467838,0.1749016778247507,0.0,0.0,0.0
