{
  "deepsurv": {
    "c_index": 0.7700759789596727,
    "ci_low": 0.7043082725464191,
    "ci_high": 0.8297984459869038,
    "ibs": 0.1355233046754444,
    "auc_90_180_360": [
      0.8134863672514858,
      0.7710644173324867,
      0.7838515742903589
    ]
  },
  "cox_ph": {
    "c_index": 0.7715564710633727,
    "ibs": 0.13658963596011672,
    "auc_90_180_360": [
      0.8173620174218132,
      0.7973589000627364,
      0.8018316413131639
    ]
  },
  "rsf": {
    "c_index": 0.7234452353174772,
    "ibs": 0.15314045712526028,
    "auc_90_180_360": [
      0.7495113443761648,
      0.733464960975873,
      0.7366222149778271
    ]
  },
  "coxnet": {
    "c_index": 0.6575122791636399,
    "best_alpha": 0.13424602737537938,
    "auc_90_180_360": [
      0.6848198900817994,
      0.710438950188032,
      0.7435011804730888
    ]
  },
  "risk_stratification_logrank": {
    "chi2": 351.04751268159634,
    "p_value": 5.902026814160657e-77
  },
  "ph_test_min_p": 0.05356529078781875,
  "n_train": 697,
  "n_val": 175,
  "n_test": 219
}